Year,ComputeIndex_Epoch_2010eq1_(~4.4x_per_year),ComputeIndex_OpenAI_2012eq1_(3.4mo_doubling)
2010,1.0,0.00750036
2011,4.4,0.0866046
2012,19.36,1.0
2013,85.184,11.5467
2014,374.81,133.327
2015,1649.16,1539.49
2016,7256.31,17776.0
2017,31927.8,205255.0
2018,140482.0,2370020.0
2019,618122.0,27366000.0
2020,2719740.0,315988000.0
2021,11966800.0,3648630000.0
2022,52654100.0,42129700000.0
2023,231678000.0,486460000000.0
2024,1019380000.0,5617020000000.0
2025,4485290000.0,64858100000000.0
